Internship URL,Title,Company,Location,Start Date,Duration,Stipend,Apply By,Skills Required
https://internshala.com/internship/detail/part-time-backend-development-internship-in-multiple-locations-at-nexotech-solutions1748839142,Backend Development,Nexotech Solutions,"Kollam, Kottayam, Kozhikode, Pathanamthitta, Thiruvananthapuram, Thrissur, Malappuram, Alappuzha, Wayanad, Idukki, Kochi, Ernakulam, Palakkad, Kannur(Hybrid)",Starts immediately,6 Months,"₹ 7,000 - 13,000 /month",2 Jul' 25,"Django, Java, NoSQL, Python, REST API, Spring Boot, SQL"
https://internshala.com/internship/detail/work-from-home-backend-development-internship-at-ure-legal-advocates1748839788,Backend Development,URE Legal Advocates,Work from home,Starts immediately,6 Months,"₹ 1,000 /month",2 Jul' 25,"Django, Express.js, Java, MySQL, Natural Language Processing (NLP), Next.js, Node.js, PHP, Python, REST API"
https://internshala.com/internship/detail/software-development-internship-in-cochin-at-freshers-job-fair-in1748235190,Software Development,Freshers Job Fair .IN,Cochin,Starts immediately,6 Months,"₹ 15,000 - 25,000 /month",25 Jun' 25,".NET, C++ Programming, CSS, HTML, Java, JavaScript, MySQL, Python"
https://internshala.com/internship/detail/work-from-home-android-app-development-internship-at-jivichem-synthesis-private-limited1748770150,Android App Development,Jivichem Synthesis Private Limited,Work from home,Starts immediately,1 Month,"₹ 20,000 /month",1 Jul' 25,"Android, Chemistry, Firebase, Java, Kotlin, REST API, XML"
https://internshala.com/internship/detail/work-from-home-part-time-react-native-nextjs-and-firebase-development-internship-at-wecofy1748753385,"React Native, NextJS And Firebase Development",Wecofy,Work from home,Starts immediately,3 Months,"₹ 1,000 - 12,000 /month",1 Jul' 25,"Firebase, Firebase Cloud Messaging, Next.js, Node.js, React Native"
https://internshala.com/internship/detail/work-from-home-part-time-react-native-nextjs-and-firebase-development-internship-at-we-code-for-you1748753326,"React Native, NextJS And Firebase Development",We Code For You,Work from home,Starts immediately,3 Months,"₹ 1,000 - 12,000 /month",1 Jul' 25,"Amazon Web Services (AWS), Cloud Firestore, Firebase, Next.js, React Native"
https://internshala.com/internship/detail/summer-project-internship-in-ahmedabad-at-maxgen-technologies-private-limited1748673327,Summer Project,Maxgen Technologies Private Limited,Ahmedabad,Starts immediately,3 Months,"₹ 7,000 - 12,000 /month",30 Jun' 25,"Data Science, Flutter, Java, MERN, Python, React"
https://internshala.com/internship/detail/work-from-home-part-time-java-development-internship-at-rythukart-private-limited1748611038,Java Development,Rythukart Private Limited,Work from home,Starts immediately,1 Month,"₹ 1,000 - 2,000 /month",29 Jun' 25,Java
https://internshala.com/internship/detail/work-from-home-software-development-internship-at-ndfm-business-world-pvt-ltd1748519257,Software Development,NDFM Business World Pvt. Ltd.,Work from home,Starts immediately,4 Weeks,"₹ 1,000 - 1,200 /month",28 Jun' 25,"C++ Programming, CSS, HTML, Java, JavaScript, MySQL, Node.js, Python, React, REST API"
https://internshala.com/internship/detail/it-recruiter-internship-in-noida-at-abg-group1748512385,IT Recruiter,ABG GROUP,Noida,Starts immediately,3 Months,"₹ 5,000 /month",28 Jun' 25,".NET, ATS, Computer skills, English Proficiency (Spoken), English Proficiency (Written), Java, MS-Excel, MS-Office, MS-Word, Python, Recruitment, Technical Support"
https://internshala.com/internship/detail/mobile-game-developer-internship-in-ahmedabad-at-itechnuts1748504086,Mobile Game Developer,Itechnuts,Ahmedabad,Starts immediately,3 Months,"₹ 3,000 /month",30 Jun' 25,"Android, C++ Programming, C Programming, iOS, Java"
https://internshala.com/internship/detail/work-from-home-android-app-development-internship-at-quantum-it-innovation1748490800,Android App Development,Quantum IT Innovation,Work from home,Starts immediately,6 Months,"₹ 10,000 - 15,000 /month",28 Jun' 25,"Android, Firebase, Java, Kotlin, REST API, XML"
https://internshala.com/internship/detail/work-from-home-full-stack-developer-internship-at-bditto1748434063,Full Stack Developer,"Bditto (London, United Kingdom)",Work from home,Starts immediately,6 Months,"₹ 10,000 /month",27 Jun' 25,"Amazon Web Services (AWS), GitHub, Java, Microsoft Azure, Next.js, Node.js, PostgreSQL, Python, React, SQL"
https://internshala.com/internship/detail/work-from-home-java-development-internship-at-coding-junior1748429829,Java Development,Coding Junior,Work from home,Starts immediately,6 Months,"₹ 7,000 - 10,000 /month",27 Jun' 25,"APIs, CSS, Docker, Eclipse (IDE), Git, Hibernate ORM(Java), Java, LLM evaluation, Maven, MongoDB, REST API"
https://internshala.com/internship/detail/work-from-home-part-time-sap-abap-internship-at-trijotech-software-consulting-private-limited1748425640,SAP ABAP,Trijotech Software Consulting Private Limited,Work from home,Starts immediately,6 Months,"₹ 5,000 - 7,000 /month",30 Jun' 25,"Java, MySQL, Python, SAP, SQL"
https://internshala.com/internship/detail/software-development-internship-in-chennai-at-el-revgen-healthcare-solutions-private-limited1748422468,Software Development,El RevGen Healthcare Solutions Private Limited,Chennai,Starts immediately,6 Months,"₹ 5,500 - 8,000 /month",27 Jun' 25,"CSS, Debugging, Git, HTML, Java, JavaScript, Python, React, Web development"
https://internshala.com/internship/detail/work-from-home-javascript-developer-internship-at-lawtech1748421273,Javascript Developer,Lawtech,Work from home,Starts immediately,3 Months,"₹ 7,000 - 10,000 /month",27 Jun' 25,"Java, JavaFX, JavaScript"
https://internshala.com/internship/detail/android-app-development-internship-in-ahmedabad-at-terotam-techlab1748418035,Android App Development,TeroTAM Techlab,Ahmedabad,Starts immediately,6 Months,"₹ 2,000 - 2,001 /month",27 Jun' 25,"Android, Firebase, Java, Kotlin, REST API, XML"
https://internshala.com/internship/detail/software-testing-internship-in-hyderabad-at-freshers-job-fair-in1748319429,Software Testing,Freshers Job Fair .IN,Hyderabad,Starts immediately,6 Months,"₹ 15,000 - 25,000 /month",26 Jun' 25,".NET, C++ Programming, CSS, Database Testing, HTML, Java, JavaScript, Manual Testing, MySQL, Python, Software Testing, Usability Testing"
https://internshala.com/internship/detail/software-testing-internship-in-chennai-at-freshers-job-fair-in1748319411,Software Testing,Freshers Job Fair .IN,Chennai,Starts immediately,6 Months,"₹ 15,000 - 25,000 /month",26 Jun' 25,".NET, C++ Programming, CSS, Database Testing, HTML, Java, JavaScript, Manual Testing, MySQL, Python, Software Testing, Usability Testing"
https://internshala.com/internship/detail/software-testing-internship-in-pune-at-freshers-job-fair-in1748319389,Software Testing,Freshers Job Fair .IN,Pune,Starts immediately,6 Months,"₹ 15,000 - 25,000 /month",26 Jun' 25,".NET, C++ Programming, CSS, Database Testing, HTML, Java, JavaScript, Manual Testing, MySQL, Python, Software Testing, Usability Testing"
https://internshala.com/internship/detail/software-testing-internship-in-cochin-at-freshers-job-fair-in1748319341,Software Testing,Freshers Job Fair .IN,Cochin,Starts immediately,6 Months,"₹ 15,000 - 25,000 /month",26 Jun' 25,".NET, C++ Programming, CSS, Database Testing, HTML, Java, JavaScript, Manual Testing, MySQL, Python, Software Testing, Usability Testing"
https://internshala.com/internship/detail/software-testing-internship-in-mumbai-at-freshers-job-fair-in1748319246,Software Testing,Freshers Job Fair .IN,Mumbai,Starts immediately,6 Months,"₹ 15,000 - 25,000 /month",26 Jun' 25,".NET, C++ Programming, CSS, Database Testing, HTML, Java, JavaScript, Manual Testing, MySQL, Python, Software Testing, Usability Testing"
https://internshala.com/internship/detail/software-development-internship-in-mumbai-at-freshers-job-fair-in1748275655,Software Development,Freshers Job Fair .IN,Mumbai,Starts immediately,6 Months,"₹ 15,000 - 25,000 /month",25 Jun' 25,".NET, C++ Programming, CSS, HTML, Java, JavaScript, MySQL, Python"
https://internshala.com/internship/detail/software-development-internship-in-kolkata-at-sequoia-print1748253292,Software Development,Sequoia Print,Kolkata(Hybrid),Starts immediately,2 Months,"₹ 15,000 /month",25 Jun' 25,"CSS, HTML, Java, JavaScript, MySQL, Node.js, Python, React"
https://internshala.com/internship/detail/part-time-software-development-engineering-web-internship-in-pune-at-tekas-footcare-private-limited1748247195,Software Development Engineering (Web),Tekas Footcare Private LImited,Pune(Hybrid),Starts immediately,1 Month,"₹ 5,000 /month",25 Jun' 25,"CSS, HTML, Java, JavaScript, jQuery, MySQL, PHP, Python"
https://internshala.com/internship/detail/software-development-internship-in-hyderabad-at-freshers-job-fair-in1748235213,Software Development,Freshers Job Fair .IN,Hyderabad,Starts immediately,6 Months,"₹ 15,000 - 25,000 /month",25 Jun' 25,".NET, C++ Programming, CSS, HTML, Java, JavaScript, MySQL, Python"
https://internshala.com/internship/detail/software-development-internship-in-pune-at-freshers-job-fair-in1748235162,Software Development,Freshers Job Fair .IN,Pune,Starts immediately,6 Months,"₹ 15,000 - 25,000 /month",25 Jun' 25,".NET, C++ Programming, CSS, HTML, Java, JavaScript, MySQL, Python"
https://internshala.com/internship/detail/software-development-internship-in-chennai-at-freshers-job-fair-in1748235133,Software Development,Freshers Job Fair .IN,Chennai,Starts immediately,6 Months,"₹ 15,000 - 25,000 /month",25 Jun' 25,".NET, C++ Programming, CSS, HTML, Java, JavaScript, MySQL, Python"
https://internshala.com/internship/detail/software-development-internship-in-ahmedabad-at-sedani-digital-private-limited1748206474,Software Development,Sedani Digital Private Limited,Ahmedabad,Starts immediately,6 Months,"₹ 5,000 /month",25 Jun' 25,"CSS, HTML, Java, Python"
https://internshala.com/internship/detail/work-from-home-project-coordinator-for-ssc-and-banking-internship-at-lawtech1748159593,Project Coordinator For SSC And Banking,Lawtech,Work from home,Starts immediately,4 Months,"₹ 6,000 - 8,000 /month",24 Jun' 25,"Creative Writing, Java, JavaScript, Mathematics, MS-Office, MS-PowerPoint, Problem Solving, Time Management"
https://internshala.com/internship/detail/angular-developer-internship-in-delhi-at-indika-ai-private-limited1748156705,Angular Developer,Indika AI Private Limited,Delhi,Starts immediately,3 Months,"₹ 10,000 - 15,000 /month",24 Jun' 25,"Amazon Web Services (AWS), AngularJS, Java, TypeScript, Webflow"
https://internshala.com/internship/detail/mobile-app-development-internship-in-gurgaon-at-bvr-technosoft-solution1748095204,Mobile App Development,BVR Technosoft Solution,Gurgaon,Starts immediately,4 Months,"₹ 11,500 - 15,000 /month",23 Jun' 25,"Android, Bubble.io, Firebase, Flutter, iOS, Java, Kotlin, Node.js, React Native, REST API"
https://internshala.com/internship/detail/work-from-home-backend-development-internship-at-quickleap-innovations-private-limited1748076711,Backend Development,QUICKLEAP INNOVATIONS PRIVATE LIMITED,Work from home,Starts immediately,6 Months,"₹ 12,000 - 17,000 /month",23 Jun' 25,"Amazon EC2, Amazon S3, Amazon Web Services (AWS), Backend development, Java, MySQL, Python, REST API"
https://internshala.com/internship/detail/software-development-internship-in-kozhikode-at-stem-xpert-techgenius-innovations-pvt-ltd1748064098,Software Development,"STEM-Xpert, Techgenius Innovations Pvt Ltd",Kozhikode(Hybrid),Starts immediately,3 Months,"₹ 10,000 - 15,000 /month",23 Jun' 25,"Firebase, Java, Node.js, Python, React"
https://internshala.com/internship/detail/mobile-app-development-internship-in-delhi-at-mfolks-incorporation1747998541,Mobile App Development,MFolks Incorporation,Delhi(Hybrid),Starts immediately,3 Months,"₹ 5,000 /month",22 Jun' 25,"Android, Backend development, Design System, iOS, Java, JavaScript, Problem Solving"
https://internshala.com/internship/detail/front-end-developer-reactjs-internship-in-multiple-locations-at-vypzee1747995001,Front-End Developer (React.js),Vypzee,"Delhi, Gurgaon, Noida",Starts immediately,3 Months,"₹ 14,000 - 15,000 /month",22 Jun' 25,"Babel, CSS, Git, HTML, Java, NPM, React, Webpack"
https://internshala.com/internship/detail/full-stack-software-development-and-support-internship-in-indore-at-login2xplore1747992703,Full Stack Software Development And Support,Login2Xplore,Indore,Starts immediately,3 Months,"₹ 7,500 - 9,000 lump sum",22 Jun' 25,"C++ Programming, C Programming, CSS, Data Analytics, Data Science, Data Structures, HTML, Java, JavaScript, Machine Learning, Node.js, PHP, Python, React, R Programming"
https://internshala.com/internship/detail/technical-trainer-video-lecture-trainer-internship-in-chennai-at-smart-training-resources-india-private-limited1747990036,Technical Trainer (Video Lecture Trainer),Smart Training Resources India Private Limited,Chennai,Starts immediately,3 Months,"₹ 10,000 - 10,001 /month",26 May' 25,"C++ Programming, C Programming, Java, PHP, Python, R Programming"
https://internshala.com/internship/detail/work-from-home-part-time-software-development-engineering-web-internship-at-saimax-tech-solutions1747917808,Software Development Engineering (Web),Saimax Tech Solutions,Work from home,Starts immediately,3 Months,"₹ 6,500 - 10,000 /month",21 Jun' 25,"CSS, HTML, Java, JavaScript, jQuery, MySQL, PHP, Python"
